{
    "type": "generic",
    "pools": [
        {
            "rolls": 1,
            "entries": [
                {
                    "type": "item",
                    "name": "nether_star",
                    "functions": [
                        {
                            "function": "set_name",
                            "entity": "this",
                            "name": [
                                {
                                    "text": "大きな星のかけら",
                                    "italic": false,
                                    "color": "yellow"
                                }
                            ]
                        },
                        {
                            "function": "set_lore",
                            "entity": "this",
                            "lore": [
                                [
                                    {
                                        "text": "空から降り注ぐ星が砕け、大きなかけらとなったもの",
                                        "italic": false,
                                        "color": "light_purple"
                                    }
                                ],
                                [
                                    {
                                        "text": "非常に希少な価値があり交易に使われる",
                                        "italic": false,
                                        "color": "light_purple"
                                    }
                                ],
                                [
                                    {
                                        "text": "強い力を感じる",
                                        "italic": false,
                                        "color": "light_purple"
                                    }
                                ]
                            ]
                        },
                        {
                            "function": "set_nbt",
                            "tag": "{CustomModelData:20112,Currency:2b}"
                        }
                    ]
                }
            ]
        }
    ]
}