{
    "type": "minecraft:generic",
    "pools": [
        {
            "rolls": 1,
            "entries": [
                {
                    "type": "minecraft:item",
                    "name": "minecraft:debug_stick",
                    "functions": [
                        {
                            "function": "minecraft:set_name",
                            "entity": "this",
                            "name": [
                                {
                                    "storage": "player_manager:lost_item",
                                    "nbt": "Name",
                                    "color": "aqua"
                                },
                                {
                                    "text": "のおとしもの",
                                    "color": "aqua"
                                }
                            ]
                        }
                    ]
                }
            ]
        }
    ]
}