{
    "type": "entity",
    "pools": [
        {
            "rolls": 1,
            "entries": [
                {
                    "type": "item",
                    "name": "stone_button",
                    "functions": [
                        {
                            "function": "set_nbt",
                            "tag": "{TSB:{ItemMetaData:[\"MobDeathTrigger\",\"BanEntityConditionItem\",\"BanPossession\"]}}"
                        },
                        {
                            "function": "copy_nbt",
                            "source": "killer_player",
                            "ops": [
                                {
                                    "op": "replace",
                                    "source": "UUID",
                                    "target": "TSB.KillerUUID"
                                }
                            ]
                        },
                        {
                            "function": "set_lore",
                            "entity": "this",
                            "lore": [
                                "0"
                            ],
                            "replace": false,
                            "conditions": [
                                {
                                    "condition": "entity_properties",
                                    "entity": "this",
                                    "predicate": {
                                        "nbt": "{Tags:[\"FindFlag0.0\"]}"
                                    }
                                }
                            ]
                        },
                        {
                            "function": "set_lore",
                            "entity": "this",
                            "lore": [
                                "1"
                            ],
                            "replace": false,
                            "conditions": [
                                {
                                    "condition": "entity_properties",
                                    "entity": "this",
                                    "predicate": {
                                        "nbt": "{Tags:[\"FindFlag0.1\"]}"
                                    }
                                }
                            ]
                        },
                        {
                            "function": "set_lore",
                            "entity": "this",
                            "lore": [
                                "0"
                            ],
                            "replace": false,
                            "conditions": [
                                {
                                    "condition": "entity_properties",
                                    "entity": "this",
                                    "predicate": {
                                        "nbt": "{Tags:[\"FindFlag1.0\"]}"
                                    }
                                }
                            ]
                        },
                        {
                            "function": "set_lore",
                            "entity": "this",
                            "lore": [
                                "1"
                            ],
                            "replace": false,
                            "conditions": [
                                {
                                    "condition": "entity_properties",
                                    "entity": "this",
                                    "predicate": {
                                        "nbt": "{Tags:[\"FindFlag1.1\"]}"
                                    }
                                }
                            ]
                        },
                        {
                            "function": "set_lore",
                            "entity": "this",
                            "lore": [
                                "0"
                            ],
                            "replace": false,
                            "conditions": [
                                {
                                    "condition": "entity_properties",
                                    "entity": "this",
                                    "predicate": {
                                        "nbt": "{Tags:[\"FindFlag2.0\"]}"
                                    }
                                }
                            ]
                        },
                        {
                            "function": "set_lore",
                            "entity": "this",
                            "lore": [
                                "1"
                            ],
                            "replace": false,
                            "conditions": [
                                {
                                    "condition": "entity_properties",
                                    "entity": "this",
                                    "predicate": {
                                        "nbt": "{Tags:[\"FindFlag2.1\"]}"
                                    }
                                }
                            ]
                        },
                        {
                            "function": "set_lore",
                            "entity": "this",
                            "lore": [
                                "0"
                            ],
                            "replace": false,
                            "conditions": [
                                {
                                    "condition": "entity_properties",
                                    "entity": "this",
                                    "predicate": {
                                        "nbt": "{Tags:[\"FindFlag3.0\"]}"
                                    }
                                }
                            ]
                        },
                        {
                            "function": "set_lore",
                            "entity": "this",
                            "lore": [
                                "1"
                            ],
                            "replace": false,
                            "conditions": [
                                {
                                    "condition": "entity_properties",
                                    "entity": "this",
                                    "predicate": {
                                        "nbt": "{Tags:[\"FindFlag3.1\"]}"
                                    }
                                }
                            ]
                        },
                        {
                            "function": "set_lore",
                            "entity": "this",
                            "lore": [
                                "0"
                            ],
                            "replace": false,
                            "conditions": [
                                {
                                    "condition": "entity_properties",
                                    "entity": "this",
                                    "predicate": {
                                        "nbt": "{Tags:[\"FindFlag4.0\"]}"
                                    }
                                }
                            ]
                        },
                        {
                            "function": "set_lore",
                            "entity": "this",
                            "lore": [
                                "1"
                            ],
                            "replace": false,
                            "conditions": [
                                {
                                    "condition": "entity_properties",
                                    "entity": "this",
                                    "predicate": {
                                        "nbt": "{Tags:[\"FindFlag4.1\"]}"
                                    }
                                }
                            ]
                        },
                        {
                            "function": "set_lore",
                            "entity": "this",
                            "lore": [
                                "0"
                            ],
                            "replace": false,
                            "conditions": [
                                {
                                    "condition": "entity_properties",
                                    "entity": "this",
                                    "predicate": {
                                        "nbt": "{Tags:[\"FindFlag5.0\"]}"
                                    }
                                }
                            ]
                        },
                        {
                            "function": "set_lore",
                            "entity": "this",
                            "lore": [
                                "1"
                            ],
                            "replace": false,
                            "conditions": [
                                {
                                    "condition": "entity_properties",
                                    "entity": "this",
                                    "predicate": {
                                        "nbt": "{Tags:[\"FindFlag5.1\"]}"
                                    }
                                }
                            ]
                        },
                        {
                            "function": "set_lore",
                            "entity": "this",
                            "lore": [
                                "0"
                            ],
                            "replace": false,
                            "conditions": [
                                {
                                    "condition": "entity_properties",
                                    "entity": "this",
                                    "predicate": {
                                        "nbt": "{Tags:[\"FindFlag6.0\"]}"
                                    }
                                }
                            ]
                        },
                        {
                            "function": "set_lore",
                            "entity": "this",
                            "lore": [
                                "1"
                            ],
                            "replace": false,
                            "conditions": [
                                {
                                    "condition": "entity_properties",
                                    "entity": "this",
                                    "predicate": {
                                        "nbt": "{Tags:[\"FindFlag6.1\"]}"
                                    }
                                }
                            ]
                        },
                        {
                            "function": "set_lore",
                            "entity": "this",
                            "lore": [
                                "0"
                            ],
                            "replace": false,
                            "conditions": [
                                {
                                    "condition": "entity_properties",
                                    "entity": "this",
                                    "predicate": {
                                        "nbt": "{Tags:[\"FindFlag7.0\"]}"
                                    }
                                }
                            ]
                        },
                        {
                            "function": "set_lore",
                            "entity": "this",
                            "lore": [
                                "1"
                            ],
                            "replace": false,
                            "conditions": [
                                {
                                    "condition": "entity_properties",
                                    "entity": "this",
                                    "predicate": {
                                        "nbt": "{Tags:[\"FindFlag7.1\"]}"
                                    }
                                }
                            ]
                        },
                        {
                            "function": "set_lore",
                            "entity": "this",
                            "lore": [
                                "0"
                            ],
                            "replace": false,
                            "conditions": [
                                {
                                    "condition": "entity_properties",
                                    "entity": "this",
                                    "predicate": {
                                        "nbt": "{Tags:[\"FindFlag8.0\"]}"
                                    }
                                }
                            ]
                        },
                        {
                            "function": "set_lore",
                            "entity": "this",
                            "lore": [
                                "1"
                            ],
                            "replace": false,
                            "conditions": [
                                {
                                    "condition": "entity_properties",
                                    "entity": "this",
                                    "predicate": {
                                        "nbt": "{Tags:[\"FindFlag8.1\"]}"
                                    }
                                }
                            ]
                        },
                        {
                            "function": "set_lore",
                            "entity": "this",
                            "lore": [
                                "0"
                            ],
                            "replace": false,
                            "conditions": [
                                {
                                    "condition": "entity_properties",
                                    "entity": "this",
                                    "predicate": {
                                        "nbt": "{Tags:[\"FindFlag9.0\"]}"
                                    }
                                }
                            ]
                        },
                        {
                            "function": "set_lore",
                            "entity": "this",
                            "lore": [
                                "1"
                            ],
                            "replace": false,
                            "conditions": [
                                {
                                    "condition": "entity_properties",
                                    "entity": "this",
                                    "predicate": {
                                        "nbt": "{Tags:[\"FindFlag9.1\"]}"
                                    }
                                }
                            ]
                        },
                        {
                            "function": "set_lore",
                            "entity": "this",
                            "lore": [
                                "0"
                            ],
                            "replace": false,
                            "conditions": [
                                {
                                    "condition": "entity_properties",
                                    "entity": "this",
                                    "predicate": {
                                        "nbt": "{Tags:[\"FindFlag10.0\"]}"
                                    }
                                }
                            ]
                        },
                        {
                            "function": "set_lore",
                            "entity": "this",
                            "lore": [
                                "1"
                            ],
                            "replace": false,
                            "conditions": [
                                {
                                    "condition": "entity_properties",
                                    "entity": "this",
                                    "predicate": {
                                        "nbt": "{Tags:[\"FindFlag10.1\"]}"
                                    }
                                }
                            ]
                        },
                        {
                            "function": "set_lore",
                            "entity": "this",
                            "lore": [
                                "0"
                            ],
                            "replace": false,
                            "conditions": [
                                {
                                    "condition": "entity_properties",
                                    "entity": "this",
                                    "predicate": {
                                        "nbt": "{Tags:[\"FindFlag11.0\"]}"
                                    }
                                }
                            ]
                        },
                        {
                            "function": "set_lore",
                            "entity": "this",
                            "lore": [
                                "1"
                            ],
                            "replace": false,
                            "conditions": [
                                {
                                    "condition": "entity_properties",
                                    "entity": "this",
                                    "predicate": {
                                        "nbt": "{Tags:[\"FindFlag11.1\"]}"
                                    }
                                }
                            ]
                        },
                        {
                            "function": "set_lore",
                            "entity": "this",
                            "lore": [
                                "0"
                            ],
                            "replace": false,
                            "conditions": [
                                {
                                    "condition": "entity_properties",
                                    "entity": "this",
                                    "predicate": {
                                        "nbt": "{Tags:[\"FindFlag12.0\"]}"
                                    }
                                }
                            ]
                        },
                        {
                            "function": "set_lore",
                            "entity": "this",
                            "lore": [
                                "1"
                            ],
                            "replace": false,
                            "conditions": [
                                {
                                    "condition": "entity_properties",
                                    "entity": "this",
                                    "predicate": {
                                        "nbt": "{Tags:[\"FindFlag12.1\"]}"
                                    }
                                }
                            ]
                        },
                        {
                            "function": "set_lore",
                            "entity": "this",
                            "lore": [
                                "0"
                            ],
                            "replace": false,
                            "conditions": [
                                {
                                    "condition": "entity_properties",
                                    "entity": "this",
                                    "predicate": {
                                        "nbt": "{Tags:[\"FindFlag13.0\"]}"
                                    }
                                }
                            ]
                        },
                        {
                            "function": "set_lore",
                            "entity": "this",
                            "lore": [
                                "1"
                            ],
                            "replace": false,
                            "conditions": [
                                {
                                    "condition": "entity_properties",
                                    "entity": "this",
                                    "predicate": {
                                        "nbt": "{Tags:[\"FindFlag13.1\"]}"
                                    }
                                }
                            ]
                        },
                        {
                            "function": "set_lore",
                            "entity": "this",
                            "lore": [
                                "0"
                            ],
                            "replace": false,
                            "conditions": [
                                {
                                    "condition": "entity_properties",
                                    "entity": "this",
                                    "predicate": {
                                        "nbt": "{Tags:[\"FindFlag14.0\"]}"
                                    }
                                }
                            ]
                        },
                        {
                            "function": "set_lore",
                            "entity": "this",
                            "lore": [
                                "1"
                            ],
                            "replace": false,
                            "conditions": [
                                {
                                    "condition": "entity_properties",
                                    "entity": "this",
                                    "predicate": {
                                        "nbt": "{Tags:[\"FindFlag14.1\"]}"
                                    }
                                }
                            ]
                        },
                        {
                            "function": "set_lore",
                            "entity": "this",
                            "lore": [
                                "0"
                            ],
                            "replace": false,
                            "conditions": [
                                {
                                    "condition": "entity_properties",
                                    "entity": "this",
                                    "predicate": {
                                        "nbt": "{Tags:[\"FindFlag15.0\"]}"
                                    }
                                }
                            ]
                        },
                        {
                            "function": "set_lore",
                            "entity": "this",
                            "lore": [
                                "1"
                            ],
                            "replace": false,
                            "conditions": [
                                {
                                    "condition": "entity_properties",
                                    "entity": "this",
                                    "predicate": {
                                        "nbt": "{Tags:[\"FindFlag15.1\"]}"
                                    }
                                }
                            ]
                        }
                    ]
                }
            ]
        }
    ]
}