{
    "type": "generic",
    "pools": [
        {
            "rolls": 1,
            "entries": [
                {
                    "type": "item",
                    "name": "debug_stick",
                    "functions": [
                        {
                            "function": "set_lore",
                            "entity": "this",
                            "lore": [
                                [
                                    {
                                        "text": "",
                                        "color": "white",
                                        "italic": false
                                    },
                                    {
                                        "text": "クールダウン: "
                                    },
                                    {
                                        "storage": "asset:sacred_treasure",
                                        "nbt": "LocalCooldownSecond"
                                    },
                                    {
                                        "text": "."
                                    },
                                    {
                                        "storage": "asset:sacred_treasure",
                                        "nbt": "LocalCooldownDecimal"
                                    },
                                    {
                                        "text": "秒"
                                    }
                                ]
                            ],
                            "conditions": [
                                {
                                    "condition": "inverted",
                                    "term": {
                                        "condition": "minecraft:entity_scores",
                                        "entity": "this",
                                        "scores": {
                                            "Temporary": {
                                                "min": 1,
                                                "max": 1
                                            }
                                        }
                                    }
                                }
                            ]
                        },
                        {
                            "function": "set_lore",
                            "entity": "this",
                            "lore": [
                                [
                                    {
                                        "text": "",
                                        "color": "white",
                                        "italic": false
                                    },
                                    {
                                        "text": "クールダウン: "
                                    },
                                    {
                                        "storage": "asset:sacred_treasure",
                                        "nbt": "LocalCooldownMinutes"
                                    },
                                    {
                                        "text": "分"
                                    },
                                    {
                                        "storage": "asset:sacred_treasure",
                                        "nbt": "LocalCooldownSecond"
                                    },
                                    {
                                        "text": "."
                                    },
                                    {
                                        "storage": "asset:sacred_treasure",
                                        "nbt": "LocalCooldownDecimal"
                                    },
                                    {
                                        "text": "秒"
                                    }
                                ]
                            ],
                            "conditions": [
                                {
                                    "condition": "minecraft:entity_scores",
                                    "entity": "this",
                                    "scores": {
                                    "Temporary": {
                                        "min": 1,
                                        "max": 1
                                        }
                                    }
                                }
                            ]
                        }
                    ]
                }
            ]
        }
    ]
}