{
    "type": "generic",
    "pools": [
        {
            "rolls": 1,
            "entries": [
                {
                    "type": "item",
                    "name": "debug_stick",
                    "functions": [
                        {
                            "function": "set_lore",
                            "entity": "this",
                            "lore": [
                                [
                                    {
                                        "text": "",
                                        "color": "white",
                                        "italic": false
                                    },
                                    {
                                        "text": "使用方法: "
                                    },
                                    {
                                        "storage": "asset:sacred_treasure",
                                        "nbt": "Temp.Trigger.A"
                                    },
                                    {
                                        "storage": "asset:sacred_treasure",
                                        "nbt": "Temp.Trigger.AB"
                                    },
                                    {
                                        "storage": "asset:sacred_treasure",
                                        "nbt": "Temp.Trigger.B"
                                    }
                                ]
                            ]
                        }
                    ]
                }
            ]
        }
    ]
}