{
    "type": "generic",
    "pools": [
        {
            "rolls": 1,
            "entries": [
                {
                    "type": "item",
                    "name": "debug_stick",
                    "functions": [
                        {
                            "function": "set_lore",
                            "entity": "this",
                            "lore": [
                                [
                                    {
                                        "text": "",
                                        "color": "white",
                                        "italic": false
                                    },
                                    {
                                        "text": "攻撃情報: "
                                    },
                                    {
                                        "storage": "asset:sacred_treasure",
                                        "nbt": "Line1[0]",
                                        "interpret": true
                                    },
                                    {
                                        "storage": "asset:sacred_treasure",
                                        "nbt": "Line1[1]",
                                        "interpret": true
                                    },
                                    {
                                        "text": " Damage"
                                    },
                                    {
                                        "text": " "
                                    },
                                    {
                                        "storage": "asset:sacred_treasure",
                                        "nbt": "Line1[2]",
                                        "interpret": true
                                    },
                                    {
                                        "storage": "asset:sacred_treasure",
                                        "nbt": "Line1[3]",
                                        "interpret": true
                                    }
                                ],
                                [
                                    {
                                        "text": "攻撃属性: ",
                                        "color": "white",
                                        "italic": false
                                    },
                                    {
                                        "storage": "asset:sacred_treasure",
                                        "nbt": "Line2[0]",
                                        "interpret": true
                                    },
                                    {
                                        "storage": "asset:sacred_treasure",
                                        "nbt": "Line2[1]",
                                        "interpret": true
                                    },
                                    {
                                        "text": "| "
                                    },
                                    {
                                        "storage": "asset:sacred_treasure",
                                        "nbt": "Line2[2]",
                                        "interpret": true
                                    },
                                    {
                                        "storage": "asset:sacred_treasure",
                                        "nbt": "Line2[3]",
                                        "interpret": true
                                    },
                                    {
                                        "storage": "asset:sacred_treasure",
                                        "nbt": "Line2[4]",
                                        "interpret": true
                                    },
                                    {
                                        "storage": "asset:sacred_treasure",
                                        "nbt": "Line2[5]",
                                        "interpret": true
                                    }
                                ]
                            ]
                        }
                    ]
                }
            ]
        }
    ]
}