{
    "type": "generic",
    "pools": [
        {
            "rolls": 1,
            "entries": [
                {
                    "type": "item",
                    "name": "debug_stick",
                    "functions": [
                        {
                            "function": "set_name",
                            "entity": "this",
                            "name": [
                                {
                                    "text": "",
                                    "italic": false
                                },
                                {
                                    "nbt": "Name",
                                    "storage": "asset:sacred_treasure",
                                    "interpret": true
                                },
                                {
                                    "text": " "
                                },
                                {
                                    "nbt": "Item.tag.TSB.RemainingCount",
                                    "storage": "asset:sacred_treasure",
                                    "color": "green"
                                },
                                {
                                    "text": "/",
                                    "color": "green"
                                },
                                {
                                    "nbt": "Item.tag.TSB.RemainingCountMAX",
                                    "storage": "asset:sacred_treasure",
                                    "color": "green"
                                }
                            ]
                        }
                    ]
                }
            ]
        }
    ]
}