{
    "type": "entity",
    "pools": [
        {
            "rolls": 1,
            "entries": [
                {
                    "type": "loot_table",
                    "name": "asset:mob/death/abstract_detect_item",
                    "functions": [
                        {
                            "function": "set_nbt",
                            "tag": "{TSB:{ID:182}}"
                        }
                    ]
                }
            ]
        },
        {
            "rolls": 1,
            "entries": [
                {
                    "type": "loot_table",
                    "name": "entities/wither_skeleton"
                }
            ]
        }
    ]
}