{
    "type": "minecraft:generic",
    "pools": [
        {
            "rolls": 1,
            "entries": [
                {
                    "type": "minecraft:item",
                    "name": "minecraft:debug_stick",
                    "functions": [
                        {
                            "function": "minecraft:set_name",
                            "entity": "this",
                            "name": [
                                {
                                    "text": "#",
                                    "font": "invisible_bg"
                                },
                                {
                                    "score": {
                                        "objective": "Temporary",
                                        "name": "$Int"
                                    },
                                    "color": "white",
                                    "font": "damage"
                                },
                                {
                                    "text": ".",
                                    "color": "white",
                                    "font": "damage"
                                },
                                {
                                    "score": {
                                        "objective": "Temporary",
                                        "name": "$Frac"
                                    },
                                    "color": "white",
                                    "font": "damage"
                                },
                                {
                                    "text": "#",
                                    "font": "invisible_bg"
                                }
                            ]
                        }
                    ]
                }
            ]
        }
    ]
}